<?xml version="1.0" encoding="utf-8" ?><sliders version="1.0.26"><slider><id value="5" /><name value="Carousel" /><published value="1" /><full_width value="0" /><width value="800" /><height value="400" /><bg_fit value="cover" /><align value="center" /><effect value="fade" /><time_intervval value="5" /><autoplay value="1" /><shuffle value="0" /><music value="0" /><music_url value="" /><preload_images value="1" /><background_color value="000000" /><background_transparent value="100" /><glb_border_width value="0" /><glb_border_style value="none" /><glb_border_color value="000000" /><glb_border_radius value="" /><glb_margin value="0" /><glb_box_shadow value="" /><image_right_click value="0" /><layer_out_next value="0" /><prev_next_butt value="1" /><play_paus_butt value="0" /><navigation value="hover" /><rl_butt_style value="fa-angle" /><rl_butt_size value="36" /><pp_butt_size value="40" /><butts_color value="000000" /><butts_transparent value="100" /><hover_color value="000000" /><nav_border_width value="0" /><nav_border_style value="none" /><nav_border_color value="FFFFFF" /><nav_border_radius value="20px" /><nav_bg_color value="FFFFFF" /><bull_position value="bottom" /><bull_style value="fa-square-o" /><bull_size value="20" /><bull_color value="FFFFFF" /><bull_act_color value="FFFFFF" /><bull_margin value="3" /><film_pos value="none" /><film_thumb_width value="100" /><film_thumb_height value="50" /><film_bg_color value="000000" /><film_tmb_margin value="0" /><film_act_border_width value="0" /><film_act_border_style value="none" /><film_act_border_color value="FFFFFF" /><film_dac_transparent value="50" /><built_in_watermark_type value="none" /><built_in_watermark_position value="middle-center" /><built_in_watermark_size value="15" /><built_in_watermark_url value="" /><built_in_watermark_text value="web-dorado.com" /><built_in_watermark_font_size value="20" /><built_in_watermark_font value="arial.ttf" /><built_in_watermark_color value="FFFFFF" /><built_in_watermark_opacity value="70" /><css value="" /><timer_bar_type value="none" /><timer_bar_size value="5" /><timer_bar_color value="BBBBBB" /><timer_bar_transparent value="50" /><spider_uploader value="1" /><stop_animation value="0" /><right_butt_url value="@#$%/wp-content/plugins/slider-wd/images/arrow/arrow3/2/2.png" /><left_butt_url value="@#$%/wp-content/plugins/slider-wd/images/arrow/arrow3/2/1.png" /><right_butt_hov_url value="@#$%/wp-content/plugins/slider-wd/images/arrow/arrow3/2/4.png" /><left_butt_hov_url value="@#$%/wp-content/plugins/slider-wd/images/arrow/arrow3/2/3.png" /><rl_butt_img_or_not value="our" /><bullets_img_main_url value="@#$%/wp-content/plugins/slider-wd/images/bullet/bullet3/2/1.png" /><bullets_img_hov_url value="@#$%/wp-content/plugins/slider-wd/images/bullet/bullet3/2/2.png" /><bull_butt_img_or_not value="our" /><play_butt_url value="@#$%/wp-content/plugins/slider-wd/images/button/button4/1/1.png" /><paus_butt_url value="@#$%/wp-content/plugins/slider-wd/images/button/button4/1/3.png" /><play_butt_hov_url value="@#$%/wp-content/plugins/slider-wd/images/button/button4/1/2.png" /><paus_butt_hov_url value="@#$%/wp-content/plugins/slider-wd/images/button/button4/1/4.png" /><play_paus_butt_img_or_not value="style" /><start_slide_num value="1" /><effect_duration value="800" /><carousel value="1" /><carousel_image_counts value="7" /><carousel_image_parameters value="0.85" /><carousel_fit_containerWidth value="0" /><carousel_width value="1000" /><parallax_effect value="0" /><slide><id value="24" /><slider_id value="5" /><title value="Slide 1" /><type value="image" /><image_url value="@#$%17.jpg" /><thumb_url value="@#$%17.jpg" /><published value="1" /><link value="" /><order value="1" /><target_attr_slide value="1" /></slide><slide><id value="25" /><slider_id value="5" /><title value="Slide 2" /><type value="image" /><image_url value="@#$%18.jpg" /><thumb_url value="@#$%18.jpg" /><published value="1" /><link value="" /><order value="2" /><target_attr_slide value="1" /></slide><slide><id value="26" /><slider_id value="5" /><title value="Slide 3" /><type value="image" /><image_url value="@#$%19.jpg" /><thumb_url value="@#$%19.jpg" /><published value="1" /><link value="" /><order value="3" /><target_attr_slide value="1" /></slide><slide><id value="27" /><slider_id value="5" /><title value="Slide 4" /><type value="image" /><image_url value="@#$%20.jpg" /><thumb_url value="@#$%20.jpg" /><published value="1" /><link value="" /><order value="4" /><target_attr_slide value="1" /></slide><slide><id value="28" /><slider_id value="5" /><title value="Slide 5" /><type value="image" /><image_url value="@#$%21.jpg" /><thumb_url value="@#$%21.jpg" /><published value="1" /><link value="" /><order value="5" /><target_attr_slide value="1" /></slide></slider></sliders>